Timestamp,ServoCmd,ServoPos,x,y,z,qx,qy,qz
2025-05-27 15:41:59.897041,0.0,0.005714285714285714,0.054788,-0.001621,0.210375,1.1425972481106077,1.3348452652177831,1.1235207993863099
2025-05-27 15:41:59.970408,0.0,0.005714285714285714,0.054788,-0.001621,0.210375,1.1425972481106077,1.3348452652177831,1.1235207993863099
2025-05-27 15:42:00.015547,0.0,0.005714285714285714,0.054788,-0.001621,0.210375,1.1425972481106077,1.3348452652177831,1.1235207993863099
2025-05-27 15:42:00.057645,0.0,0.005714285714285714,0.054788,-0.001621,0.210375,1.1425972481106077,1.3348452652177831,1.1235207993863099
2025-05-27 15:42:00.098064,0.0,0.005714285714285714,0.054788,-0.001621,0.210375,1.1425972481106077,1.3348452652177831,1.1235207993863099
2025-05-27 15:42:00.138720,0.0,0.005714285714285714,0.054788,-0.001621,0.210375,1.1425972481106077,1.3348452652177831,1.1235207993863099
2025-05-27 15:42:00.178332,0.0,0.005714285714285714,0.054788,-0.001621,0.210375,1.1425972481106077,1.3348452652177831,1.1235207993863099
2025-05-27 15:42:00.229061,0.0,0.005714285714285714,0.054788,-0.001621,0.210375,1.1425972481106077,1.3348452652177831,1.1235207993863099
2025-05-27 15:42:00.277383,0.0,0.005714285714285714,0.054788,-0.001621,0.210375,1.1425972481106077,1.3348452652177831,1.1235207993863099
2025-05-27 15:42:00.328012,0.0,0.005714285714285714,0.054788,-0.001621,0.210375,1.1425972481106077,1.3348452652177831,1.1235207993863099
2025-05-27 15:42:00.375877,0.0,0.005714285714285714,0.054788,-0.001621,0.210375,1.1425972481106077,1.3348452652177831,1.1235207993863099
2025-05-27 15:42:00.434012,0.0,0.005714285714285714,0.054788,-0.001621,0.210375,1.1425972481106077,1.3348452652177831,1.1235207993863099
2025-05-27 15:42:00.487409,0.0,0.005714285714285714,0.054788,-0.001621,0.210375,1.1425972481106077,1.3348452652177831,1.1235207993863099
2025-05-27 15:42:00.538508,0.0,0.005714285714285714,0.054788,-0.001621,0.210375,1.1425972481106077,1.3348452652177831,1.1235207993863099
2025-05-27 15:42:00.593148,0.0,0.005714285714285714,0.054788,-0.001621,0.210375,1.1425972481106077,1.3348452652177831,1.1235207993863099
2025-05-27 15:42:00.636614,0.0,0.005714285714285714,0.054788,-0.001621,0.210375,1.1425972481106077,1.3348452652177831,1.1235207993863099
2025-05-27 15:42:00.673840,0.0,0.005714285714285714,0.054788,-0.001621,0.210375,1.1425972481106077,1.3348452652177831,1.1235207993863099
2025-05-27 15:42:00.708223,0.0,0.005714285714285714,0.054788,-0.001621,0.210375,1.1425972481106077,1.3348452652177831,1.1235207993863099
2025-05-27 15:42:00.745009,0.0,0.005714285714285714,0.054788,-0.001621,0.210375,1.1425972481106077,1.3348452652177831,1.1235207993863099
2025-05-27 15:42:00.782652,0.0,0.005714285714285714,0.054788,-0.001621,0.210375,1.1425972481106077,1.3348452652177831,1.1235207993863099
2025-05-27 15:42:00.818161,0.0,0.005714285714285714,0.054788,-0.001621,0.210375,1.1425972481106077,1.3348452652177831,1.1235207993863099
2025-05-27 15:42:00.852893,0.0,0.005714285714285714,0.054788,-0.001621,0.210375,1.1425972481106077,1.3348452652177831,1.1235207993863099
2025-05-27 15:42:00.890891,0.0,0.005714285714285714,0.054788,-0.001621,0.210375,1.1425972481106077,1.3348452652177831,1.1235207993863099
2025-05-27 15:42:00.925149,0.0,0.005714285714285714,0.054788,-0.001621,0.210375,1.1457039341791577,1.3332046557209085,1.1267322052099793
2025-05-27 15:42:00.961921,0.0,0.005714285714285714,0.054788,-0.001621,0.210375,1.1457039341791577,1.3332046557209085,1.1267322052099793
2025-05-27 15:42:00.996049,0.0,0.005714285714285714,0.054788,-0.001621,0.210375,1.1457039341791577,1.3332046557209085,1.1267322052099793
2025-05-27 15:42:01.044598,0.0,0.005714285714285714,0.054791,-0.001522,0.210375,1.1457039341791577,1.3332046557209085,1.1285298943395334
2025-05-27 15:42:01.089707,0.0,0.005714285714285714,0.054791,-0.001522,0.210375,1.1457039341791577,1.3332046557209085,1.1285298943395334
2025-05-27 15:42:01.132430,0.0,0.005714285714285714,0.054791,-0.001522,0.210375,1.1457039341791577,1.3332046557209085,1.1285298943395334
2025-05-27 15:42:01.176292,0.0,0.005714285714285714,0.054791,-0.001522,0.210375,1.1457039341791577,1.3332046557209085,1.1285298943395334
2025-05-27 15:42:01.217249,0.0,0.005714285714285714,0.054887,-0.001411,0.209801,1.1554777779903258,1.3321574581697118,1.1402759602054553
2025-05-27 15:42:01.260673,0.0,0.005714285714285714,0.054887,-0.001411,0.209801,1.1554777779903258,1.3321574581697118,1.1402759602054553
2025-05-27 15:42:01.306704,0.0,0.005714285714285714,0.054887,-0.001411,0.209801,1.1554777779903258,1.3321574581697118,1.1402759602054553
2025-05-27 15:42:01.345151,0.0,0.005714285714285714,0.054889,-0.001306,0.209801,1.1554777779903258,1.3321574581697118,1.142178369090129
2025-05-27 15:42:01.382956,0.0,0.005714285714285714,0.054845,-0.001024,0.210312,1.1153526584869762,1.337672698606014,1.134202214408515
2025-05-27 15:42:01.424385,0.0,0.005714285714285714,0.054739,-0.000605,0.213102,1.0730982372961935,1.3478479681451407,1.072347745717836
2025-05-27 15:42:01.461851,0.0,0.005714285714285714,0.054801,-0.000335,0.216645,1.018469431708771,1.356085922214554,1.0224313291107983
2025-05-27 15:42:01.501114,0.0,0.005714285714285714,0.055278,3.8e-05,0.221135,0.922144710291204,1.3603096190043804,0.9302779446054976
2025-05-27 15:42:01.539485,0.0,0.005714285714285714,0.055792,0.000185,0.224786,0.8971341421101252,1.3679018012505557,0.9097703258945642
2025-05-27 15:42:01.576193,0.0,0.005714285714285714,0.056524,0.000269,0.228242,0.8898386658367891,1.3688791856316724,0.8969421558924058
2025-05-27 15:42:01.611707,0.0,0.005714285714285714,0.057289,0.000314,0.229834,0.8798553825153814,1.3719509651151824,0.8900830119320682
2025-05-27 15:42:01.647949,0.0,0.005714285714285714,0.057319,0.000301,0.233366,0.900275734763715,1.3774662055514846,0.9087056750508476
2025-05-27 15:42:01.678369,0.0,0.005714285714285714,0.059047,0.000418,0.237625,0.9069777990913733,1.3827021933074677,0.9170658021679005
2025-05-27 15:42:01.710515,0.0,0.005714285714285714,0.063579,0.000191,0.242845,0.9336464300618467,1.3941515532005504,0.9472599982274024
2025-05-27 15:42:01.744453,0.0,0.005714285714285714,0.068499,-0.000162,0.255331,1.2859585928694222,1.3941515532005504,0.9472599982274024
2025-05-27 15:42:01.777254,0.0,0.005714285714285714,0.074914,-0.00072,0.264808,1.5151901368263572,1.428482179587279,1.3728061764486597
2025-05-27 15:42:01.810211,0.0,0.005714285714285714,0.086297,-0.001254,0.279354,1.9118336626345886,1.428482179587279,1.3728061764486597
2025-05-27 15:42:01.841520,0.0,0.005714285714285714,0.093353,-0.001518,0.297493,2.270079944898945,1.3911844934721602,2.2455057090308643
2025-05-27 15:42:01.873153,0.0,0.005714285714285714,0.100178,-0.001448,0.300789,2.3458970476055785,1.3788275623680404,2.3209562925945795
2025-05-27 15:42:01.903022,0.0,0.0,0.102306,-0.001534,0.312625,2.4388009236892367,1.3605190585146196,2.4110850951675666
2025-05-27 15:42:01.935637,1.0,0.005714285714285714,0.109654,-0.001289,0.319067,2.5457372469589292,1.3419138486883602,2.5182308579474983
2025-05-27 15:42:01.967989,1.0,0.005714285714285714,0.115753,-0.001041,0.327989,2.6555882700794524,1.3204986587663898,2.592459711034817
2025-05-27 15:42:02.002077,1.0,0.005714285714285714,0.121685,-0.000955,0.334667,2.70229328086282,1.2888209328426927,2.6724830572387575
2025-05-27 15:42:02.033636,1.0,0.005714285714285714,0.128698,-0.000823,0.344477,2.765125133934616,1.267842075233721,2.7273562089214587
2025-05-27 15:42:02.068840,1.0,0.005714285714285714,0.133299,-0.000656,0.35434,2.820783683780715,1.2455018608081934,2.76706244940433
2025-05-27 15:42:02.102240,1.0,0.005714285714285714,0.1463,-0.00077,0.361206,2.8589714878143515,1.2192695621507186,2.826979602625295
2025-05-27 15:42:02.139614,1.0,0.005714285714285714,0.152824,-0.000878,0.364056,2.892429449575083,1.2228474871173072,2.8233144111961073
2025-05-27 15:42:02.176345,1.0,0.005714285714285714,0.15911,-0.000985,0.369825,2.905868484815439,1.1980812650315076,2.8669301892034453
2025-05-27 15:42:02.213786,1.0,0.005714285714285714,0.167804,-0.001553,0.371861,2.9416477344813226,1.1805057994639245,2.887978859982497
2025-05-27 15:42:02.251088,1.0,0.005714285714285714,0.183255,-0.00292,0.378153,2.986799402230416,1.1406599326408942,2.935120203078864
2025-05-27 15:42:02.291543,1.0,0.005714285714285714,0.191735,-0.003766,0.383204,3.0217234405628224,1.1330502971021987,2.9541093853405624
2025-05-27 15:42:02.325468,1.0,0.005714285714285714,0.198736,-0.004105,0.384609,3.036035140429176,1.118476797848046,2.9775142506098065
2025-05-27 15:42:02.365168,1.0,0.005714285714285714,0.214931,-0.005611,0.385456,3.0608362691000157,1.1064165727167654,2.992977867782476
2025-05-27 15:42:02.398512,1.0,0.005714285714285714,0.224009,-0.00621,0.384567,3.0686553441489504,1.0988418437631098,2.996852498721903
2025-05-27 15:42:02.430256,1.0,0.005714285714285714,0.233079,-0.007355,0.382918,3.0771027377286027,1.072626998398155,3.006853235335831
2025-05-27 15:42:02.462453,1.0,0.005714285714285714,0.240441,-0.007762,0.382132,3.0787258939329574,1.0672862908870524,3.0090523501933437
2025-05-27 15:42:02.497807,1.0,0.005714285714285714,0.251308,-0.008194,0.378235,3.0920427561256743,1.0559241974565694,3.012351022479613
2025-05-27 15:42:02.533309,1.0,0.005714285714285714,0.262134,-0.009029,0.374783,3.0940673380579877,1.0441257717130876,3.0207809627667457
2025-05-27 15:42:02.568766,1.0,0.005714285714285714,0.269082,-0.009835,0.372051,3.0960570134052614,1.0293253796561757,3.018442221569073
2025-05-27 15:42:02.602520,1.0,0.005714285714285714,0.272498,-0.010187,0.370651,3.096964584616298,1.023112007519076,3.019175259854911
2025-05-27 15:42:02.634814,1.0,0.005714285714285714,0.277611,-0.011083,0.368979,3.0974532768068563,1.020284574130845,3.017203037800157
2025-05-27 15:42:02.666177,1.0,0.005714285714285714,0.282029,-0.011187,0.365956,3.099198606058851,1.0106852632448764,3.018896007174592
2025-05-27 15:42:02.701388,1.0,0.005714285714285714,0.289549,-0.012468,0.362817,3.100175990439968,1.0107027165373963,3.0167841587796786
2025-05-27 15:42:02.735073,1.0,0.005714285714285714,0.296023,-0.013031,0.36045,3.100996295188405,0.9997769554199117,3.0162954665891197
2025-05-27 15:42:02.772686,1.0,0.005714285714285714,0.300937,-0.014906,0.35676,3.1045567668624736,0.9903347241666224,3.016627079146999
2025-05-27 15:42:02.807656,1.0,0.005714285714285714,0.303387,-0.015685,0.355533,3.105272351855791,0.9852907226283588,3.0122986626020527
2025-05-27 15:42:02.840011,1.0,0.005714285714285714,0.307822,-0.016259,0.353703,3.105865763801469,0.979059897198739,3.0114434512685757
2025-05-27 15:42:02.877481,1.0,0.005714285714285714,0.308952,-0.016292,0.353028,3.108309224754261,0.9790075373211793,3.0155100684257232
2025-05-27 15:42:02.913811,1.0,0.005714285714285714,0.313199,-0.016728,0.349565,3.108047425366462,0.9769655020963458,3.014689763677285
2025-05-27 15:42:02.946070,1.0,0.005714285714285714,0.314444,-0.017572,0.349997,3.1076285463459836,0.9795660426818175,3.0119321434591337
2025-05-27 15:42:02.979764,1.0,0.005714285714285714,0.318643,-0.01947,0.34838,3.108379037924341,0.9744696812659941,3.0087556442205043
2025-05-27 15:42:03.020569,1.0,0.005714285714285714,0.321427,-0.021079,0.347474,3.1078030792711826,0.9756215985723101,3.005875850954714
2025-05-27 15:42:03.057150,1.0,0.005714285714285714,0.324007,-0.021661,0.346571,3.107907799026303,0.9781348726951822,3.0036941893897215
2025-05-27 15:42:03.095634,1.0,0.005714285714285714,0.3298,-0.023734,0.345555,3.105830857216429,0.9878912632138304,2.995665674830547
2025-05-27 15:42:03.130023,1.0,0.005714285714285714,0.332486,-0.024745,0.344654,3.1053596183183907,0.9901252846563832,2.9931174941226355
2025-05-27 15:42:03.166072,1.0,0.005714285714285714,0.337666,-0.027185,0.34209,3.1086931971897003,0.9866520794449144,2.990412233782044
2025-05-27 15:42:03.205034,1.0,0.005714285714285714,0.342675,-0.02922,0.339285,3.112916893979526,0.9830567011858062,2.9899409948840057
2025-05-27 15:42:03.240929,1.0,0.005714285714285714,0.344924,-0.030346,0.337677,3.1135103059252045,0.9786584714707803,2.987689520148933
2025-05-27 15:42:03.278220,1.0,0.005714285714285714,0.349573,-0.032226,0.334419,3.114662223231521,0.9700016383808886,2.984338487985104
2025-05-27 15:42:03.315223,1.0,0.005714285714285714,0.354128,-0.033705,0.331382,3.1150461956669595,0.9700016383808886,2.984338487985104
2025-05-27 15:42:03.349401,0.3,0.006666666666666667,0.358456,-0.034985,0.328659,3.115342901639798,0.9610306460256377,2.979992618147638
2025-05-27 15:42:03.384453,0.0,0.0380952380952381,0.360273,-0.035897,0.327872,3.115534887857518,0.9612749921209168,2.9780378493854047
2025-05-27 15:42:03.419122,0.0,0.03333333333333333,0.363047,-0.037177,0.325081,3.120648702565861,0.9543983948680592,2.9801147911952777
2025-05-27 15:42:03.454310,0.0,0.006666666666666667,0.367029,-0.038277,0.321813,3.1248723993556875,0.9527577853711846,2.9802718708279574
2025-05-27 15:42:03.489133,0.0,0.005714285714285714,0.36913,-0.039272,0.319475,3.125361091546246,0.9417098512060604,2.9805511235082762
2025-05-27 15:42:03.523667,0.0,0.005714285714285714,0.374503,-0.042056,0.316869,3.135449094622773,0.9375559675863139,2.9845304742028236
2025-05-27 15:42:03.557061,0.0,0.005714285714285714,0.379187,-0.043671,0.314383,-3.13965533812008,0.9361247975996786,2.9838672490870657
2025-05-27 15:42:03.591025,0.0,0.005714285714285714,0.383024,-0.044687,0.311705,-3.136653371806649,0.9361247975996786,2.9838672490870657
2025-05-27 15:42:03.628065,0.0,0.005714285714285714,0.384522,-0.044847,0.311273,-3.1366010119290895,0.9361247975996786,2.9838672490870657
2025-05-27 15:42:03.657804,0.0,0.005714285714285714,0.385794,-0.045435,0.310312,-3.134401897071576,0.9361247975996786,2.9838672490870657
2025-05-27 15:42:03.688909,0.0,0.005714285714285714,0.385828,-0.046213,0.310178,-3.125989410076964,0.9361247975996786,2.9838672490870657
2025-05-27 15:42:03.718675,0.0,0.005714285714285714,0.385824,-0.046259,0.310178,-3.125989410076964,0.9361247975996786,2.9838672490870657
2025-05-27 15:42:03.750214,0.0,0.005714285714285714,0.383937,-0.046052,0.311827,-3.12417426765489,0.9361247975996786,2.9838672490870657
2025-05-27 15:42:03.783715,0.0,0.005714285714285714,0.381506,-0.04583,0.314015,-3.1224463916954153,0.9361247975996786,2.9838672490870657
2025-05-27 15:42:03.814654,0.0,0.005714285714285714,0.379173,-0.045574,0.314507,-3.1224463916954153,0.9358979047969194,3.0016347008723683
2025-05-27 15:42:03.846443,0.0,0.005714285714285714,0.373042,-0.04584,0.317488,-3.122586018035575,0.9391093106205889,2.998911987239257
2025-05-27 15:42:03.879172,0.0,0.005714285714285714,0.368888,-0.045374,0.320667,-3.122935083885974,0.9432806475328553,2.9987374543140572
2025-05-27 15:42:03.910976,0.0,0.005714285714285714,0.36209,-0.044876,0.321958,-3.1230747102261334,0.9432806475328553,2.9987374543140572
2025-05-27 15:42:03.941612,0.0,0.005714285714285714,0.357088,-0.044312,0.327219,-3.1237204820493716,0.9591980503110437,2.997306284327422
2025-05-27 15:42:03.972823,0.0,0.005714285714285714,0.348762,-0.043372,0.330211,-3.1241044544848102,0.9661444607339811,2.996992125062063
2025-05-27 15:42:04.003291,0.0,0.005714285714285714,0.34263,-0.042627,0.334689,-3.128240884812037,0.9717644209254028,2.9965208861640247
2025-05-27 15:42:04.033740,0.0,0.005714285714285714,0.330943,-0.041209,0.337074,-3.1286597638325153,0.9753248925994711,2.9929255079049164
2025-05-27 15:42:04.065166,0.0,0.005714285714285714,0.323012,-0.039615,0.342523,-3.1372816903373675,0.9753248925994711,2.9929255079049164
2025-05-27 15:42:04.100968,0.0,0.005714285714285714,0.316684,-0.038328,0.348308,-3.1390619261744015,1.0156594516130601,2.9869913884481356
2025-05-27 15:42:04.132743,0.0,0.005714285714285714,0.315136,-0.037951,0.349143,-3.1393062722696805,1.0156594516130601,2.9869913884481356
2025-05-27 15:42:04.167663,0.0,0.005714285714285714,0.307457,-0.035744,0.352133,3.138939753126762,1.025852174444707,2.9851064328559813
2025-05-27 15:42:04.202899,0.0,0.005714285714285714,0.30098,-0.033859,0.355619,3.13330233964282,1.0386628911543456,2.9864503363800172
2025-05-27 15:42:04.239499,0.0,0.005714285714285714,0.294726,-0.031763,0.359445,3.1316442768534256,1.0484018283804737,2.9876197069788533
2025-05-27 15:42:04.273013,0.0,0.005714285714285714,0.286073,-0.029111,0.360289,3.1248200394781276,1.0604969600967946,2.9884225584347703
2025-05-27 15:42:04.304309,0.0,0.005714285714285714,0.280673,-0.026961,0.362513,3.1202472768379024,1.0708293092686008,2.990499500244644
2025-05-27 15:42:04.338563,0.0,0.005714285714285714,0.273361,-0.025202,0.36369,3.119426972089465,1.0765539892151423,2.9905344068296835
2025-05-27 15:42:04.371005,0.0,0.005714285714285714,0.267966,-0.023457,0.366877,3.1150636489594796,1.0849839295022747,2.9938330791159533
2025-05-27 15:42:04.404717,0.0,0.005714285714285714,0.258916,-0.021448,0.3688,3.108902636699939,1.0992258161985486,2.992122656448999
2025-05-27 15:42:04.438595,0.0,0.005714285714285714,0.251804,-0.01971,0.370578,3.106563895502267,1.1180928254126072,2.9969572184770232
2025-05-27 15:42:04.474091,0.0,0.005714285714285714,0.244675,-0.017991,0.373178,3.1037539154065557,1.1260864333867415,2.998405841756178
2025-05-27 15:42:04.506371,0.0,0.005714285714285714,0.239084,-0.016839,0.372416,3.1009439353108452,1.136348969388468,3.000238437470772
2025-05-27 15:42:04.541455,0.0,0.005714285714285714,0.235477,-0.015503,0.373339,3.0939626183028675,1.13887969680386,3.0019663134302466
2025-05-27 15:42:04.579585,0.0,1.0,0.226434,-0.013888,0.375215,3.091187544792197,1.1524409050918558,3.0003606105184115
2025-05-27 15:42:04.617117,1.0,0.005714285714285714,0.22093,-0.013068,0.374113,3.0903148801661997,1.1604868729435496,3.0031356840290826
2025-05-27 15:42:04.653211,1.0,0.012380952380952381,0.21379,-0.011684,0.374395,3.081675500368828,1.1734023094083077,2.9992435997971354
2025-05-27 15:42:04.687613,1.0,0.06952380952380953,0.203525,-0.010317,0.374554,3.072407802040738,1.1864050123356655,2.9952991556876287
2025-05-27 15:42:04.724829,1.0,0.19714285714285715,0.189888,-0.008413,0.374444,3.0617612936035727,1.2083088944481941,2.991686324136
2025-05-27 15:42:04.756123,1.0,0.35714285714285715,0.183229,-0.007766,0.374047,3.057939022541705,1.2190601226404791,2.9897141020812463
2025-05-27 15:42:04.792823,1.0,0.5828571428571429,0.177243,-0.006974,0.373319,3.0536455125817987,1.228729246696528,2.988876344040289
2025-05-27 15:42:04.825870,1.0,0.7590476190476191,0.171892,-0.006536,0.372635,3.0464373027710625,1.2372115468612206,2.9838148892095058
2025-05-27 15:42:04.859998,1.0,0.8914285714285715,0.167429,-0.006446,0.371988,3.04395893523323,1.2444546632569968,2.9826280653181496
2025-05-27 15:42:04.891853,1.0,0.9657142857142857,0.163535,-0.005975,0.371681,3.0413758479402793,1.2502840629586578,2.9825931587331094
2025-05-27 15:42:04.926664,1.0,0.9923809523809524,0.160298,-0.005546,0.371137,3.0338360255716634,1.254525213041004,2.977950582922805
2025-05-27 15:42:04.959888,1.0,0.9952380952380953,0.157571,-0.005065,0.369941,3.035284648850818,1.2585394703205912,2.9812318019165542
2025-05-27 15:42:04.992491,1.0,0.9952380952380953,0.154691,-0.004231,0.36796,3.0338185722791438,1.260668772008024,2.9854031388288207
2025-05-27 15:42:05.025069,1.0,0.9952380952380953,0.153783,-0.003461,0.366992,3.0341152782519822,1.260057906769826,2.9906565798773235
2025-05-27 15:42:05.056486,1.0,0.9952380952380953,0.153491,-0.002841,0.366284,3.0347435967827,1.2571083003339556,2.9957354880006273
2025-05-27 15:42:05.088163,1.0,0.9952380952380953,0.153281,-0.001886,0.365168,3.024219261393174,1.2556422237622806,2.98854473148241
2025-05-27 15:42:05.120399,1.0,0.9952380952380953,0.153064,-0.001029,0.364822,3.017953529378515,1.2548742788914031,2.9901329811017248
2025-05-27 15:42:05.153178,1.0,0.9952380952380953,0.153066,-0.000551,0.364816,3.0114609045610954,1.254525213041004,2.9874800806386936
2025-05-27 15:42:05.183684,1.0,0.9952380952380953,0.152642,-0.000552,0.364816,3.011076932125657,1.2545077597484842,2.9864503363800172
2025-05-27 15:42:05.214327,1.0,0.9952380952380953,0.152768,-0.000333,0.365145,3.0095934022614625,1.2558865698575596,2.9857172980941793
2025-05-27 15:42:05.243927,1.0,0.9952380952380953,0.152823,6.6e-05,0.365145,3.0095934022614625,1.259150335558789,2.9882131189245316
2025-05-27 15:42:05.278126,1.0,0.9952380952380953,0.152842,0.000313,0.365372,2.9939377988710727,1.2593946816540682,2.980673296555916
2025-05-27 15:42:05.308803,1.0,0.9952380952380953,0.152961,0.000618,0.365749,2.988387651849731,1.2614192635863817,2.970480573724269
2025-05-27 15:42:05.339563,1.0,0.9952380952380953,0.15304,0.000637,0.366,2.9866423225977368,1.2661141992742464,2.97018386775143
2025-05-27 15:42:05.371744,1.0,0.9952380952380953,0.15309,0.00066,0.366966,2.980987455821275,1.2714374534928292,2.9648606135328475
2025-05-27 15:42:05.407034,1.0,0.9952380952380953,0.153271,0.000707,0.367569,2.9764670530586095,1.2760974825956541,2.962260072947376
2025-05-27 15:42:05.444289,1.0,0.9952380952380953,0.153408,0.000742,0.368032,2.9728542215069815,1.2834453187465502,2.9579665629874694
2025-05-27 15:42:05.485764,1.0,0.9952380952380953,0.15348,0.000761,0.36828,2.970881999452228,1.2862203922572213,2.956273593613035
2025-05-27 15:42:05.523073,1.0,0.9952380952380953,0.153513,0.00077,0.368397,2.9699395216561513,1.287529389196217,2.955470742157118
2025-05-27 15:42:05.558318,1.0,0.9952380952380953,0.153513,0.00077,0.368397,2.9699395216561513,1.287529389196217,2.955470742157118
2025-05-27 15:42:05.593927,1.0,0.9952380952380953,0.15357,0.000785,0.368397,2.964651174022608,1.2872675898084178,2.9499555017208157
2025-05-27 15:42:05.635890,1.0,0.9952380952380953,0.153585,0.000789,0.368647,2.962556778920215,1.2900601166116088,2.948157812591262
2025-05-27 15:42:05.670966,1.0,0.9952380952380953,0.154107,0.000485,0.368647,2.962556778920215,1.2900601166116088,2.948157812591262
2025-05-27 15:42:05.712703,1.0,0.9952380952380953,0.154121,0.000485,0.367633,2.9656634649887645,1.2860633126245415,2.9491002903873387
2025-05-27 15:42:05.748354,1.0,0.9952380952380953,0.154181,0.000254,0.366771,2.963743602811571,1.2833056924063906,2.94560963188335
2025-05-27 15:42:05.786699,1.0,0.9952380952380953,0.154682,0.000185,0.365551,2.9591708401713452,1.2783664106232466,2.940042031569488
2025-05-27 15:42:05.827095,0.0,0.9904761904761905,0.154623,-9.7e-05,0.365293,2.9529400147417264,1.2774064795346496,2.9334970468745096
2025-05-27 15:42:05.864497,0.0,0.9314285714285714,0.15508,-2.3e-05,0.365293,2.951473938170051,1.2773192130720499,2.9305648937311584
2025-05-27 15:42:05.905806,0.0,0.7904761904761904,0.154797,-2.8e-05,0.364804,2.9472153347951844,1.274596499438939,2.9153107160687286
2025-05-27 15:42:05.946403,0.0,0.5666666666666667,0.154833,-0.000305,0.364804,2.9370051586710173,1.274596499438939,2.9153107160687286
2025-05-27 15:42:05.991737,0.0,0.2923809523809524,0.155344,-0.000148,0.363728,2.9308965062890375,1.2745615928538991,2.906845869196556
2025-05-27 15:42:06.032564,0.0,0.1180952380952381,0.155374,-0.000362,0.363518,2.91780653689908,1.2712803738601497,2.892987954935721
2025-05-27 15:42:06.075060,0.0,0.023809523809523808,0.155392,-0.000361,0.363198,2.9112615522041017,1.2712803738601497,2.892987954935721
2025-05-27 15:42:06.130130,0.0,0.005714285714285714,0.155427,-0.000361,0.36256,2.9041406088559647,1.2673359297506426,2.878431908974088
2025-05-27 15:42:06.177381,0.0,0.005714285714285714,0.155419,-0.000513,0.362697,2.9026221724067294,1.2676500890160014,2.8759011815586963
2025-05-27 15:42:06.225347,0.0,0.005714285714285714,0.155419,-0.000513,0.362697,2.9026221724067294,1.2676500890160014,2.8759011815586963
2025-05-27 15:42:06.269903,0.0,0.005714285714285714,0.155435,-0.000753,0.36238,2.898206489399184,1.2676500890160014,2.8759011815586963
2025-05-27 15:42:06.313048,0.0,0.005714285714285714,0.155984,-0.000747,0.362023,2.892272369942403,1.2634787521037352,2.8632300911892177
2025-05-27 15:42:06.355527,0.0,0.005714285714285714,0.155956,-0.00114,0.36204,2.892726155547922,1.2634787521037352,2.8632300911892177
2025-05-27 15:42:06.397961,0.0,0.005714285714285714,0.156439,-0.001512,0.361722,2.8875250743769785,1.2611051043210226,2.8531420881126905
2025-05-27 15:42:06.442139,0.0,0.005714285714285714,0.156435,-0.001827,0.361722,2.881800394430437,1.2611051043210226,2.8531420881126905
2025-05-27 15:42:06.491842,0.0,0.005714285714285714,0.157007,-0.00188,0.361009,2.8875250743769785,1.2598833738446267,2.849564163146102
2025-05-27 15:42:06.532136,0.0,0.005714285714285714,0.157364,-0.002262,0.361299,2.878554082021728,1.2596913876269074,2.8419719808999266
2025-05-27 15:42:06.571682,0.0,0.005714285714285714,0.159092,-0.003283,0.361007,2.8675061478566035,1.2659745729340868,2.822075227427191
2025-05-27 15:42:06.606820,0.0,0.005714285714285714,0.160287,-0.003762,0.360183,2.867122175421165,1.2659745729340868,2.822075227427191
2025-05-27 15:42:06.640778,0.0,0.005714285714285714,0.16092,-0.004313,0.358412,2.8638409564274157,1.2659745729340868,2.822075227427191
2025-05-27 15:42:06.673035,0.0,0.005714285714285714,0.161598,-0.004566,0.358823,2.8556030023580026,1.2659745729340868,2.822075227427191
2025-05-27 15:42:06.708062,0.0,0.005714285714285714,0.161799,-0.004531,0.35866,2.8492849104657827,1.2659745729340868,2.822075227427191
2025-05-27 15:42:06.741466,0.0,0.005714285714285714,0.162658,-0.004463,0.356761,2.8461607711047128,1.2659745729340868,2.822075227427191
2025-05-27 15:42:06.774942,0.0,0.005714285714285714,0.16278,-0.004439,0.356513,2.8435427772267214,1.2740205407857808,2.7942372258578816
2025-05-27 15:42:06.809167,0.0,0.005714285714285714,0.163457,-0.004067,0.355752,2.84102950310385,1.2776508256299288,2.791078179911772
2025-05-27 15:42:06.843684,0.0,0.005714285714285714,0.163737,-0.003264,0.35307,2.856580386739119,1.2776508256299288,2.791078179911772
2025-05-27 15:42:06.879013,0.0,0.005714285714285714,0.163745,-0.003025,0.348339,2.8963913469771096,1.2776508256299288,2.791078179911772
2025-05-27 15:42:06.916866,0.0,0.005714285714285714,0.163746,-0.002831,0.348104,2.9016796946106527,1.2696921242408348,2.8552190299225635
2025-05-27 15:42:06.951426,0.0,0.005714285714285714,0.163944,-0.002782,0.34742,2.915991394477006,1.2696921242408348,2.8552190299225635
2025-05-27 15:42:06.985976,0.0,0.005714285714285714,0.16402,-0.002518,0.347083,2.9208434097975506,1.2715421732479488,2.889968535329771
2025-05-27 15:42:07.021863,0.0,0.005714285714285714,0.164019,-0.002517,0.3464,2.9296747758126416,1.2715421732479488,2.889968535329771
2025-05-27 15:42:07.054442,0.0,0.005714285714285714,0.164015,-0.002517,0.345942,2.930791786533918,1.2719435989759074,2.8956583086912717
2025-05-27 15:42:07.093812,0.0,0.005714285714285714,0.164012,-0.002517,0.345616,2.9315771846973155,1.271385093615269,2.8960946410042707
2025-05-27 15:42:07.128792,0.0,0.005714285714285714,0.163961,-0.00253,0.345448,2.9331305277315907,1.271385093615269,2.8960946410042707
2025-05-27 15:42:07.164582,0.0,0.005714285714285714,0.163961,-0.00253,0.345448,2.9331305277315907,1.2695175913156354,2.8974385445283066
2025-05-27 15:42:07.198968,0.0,0.005714285714285714,0.163961,-0.00253,0.345448,2.9365164664804593,1.2697444841183947,2.900981562909855
2025-05-27 15:42:07.236683,0.03333333333333333,0.008571428571428572,0.163961,-0.00253,0.345448,2.9365164664804593,1.2700411900912336,2.9060081111555984
2025-05-27 15:42:07.277029,0.6333333333333333,0.049523809523809526,0.163961,-0.00253,0.345448,2.9413161219234434,1.2700411900912336,2.9060081111555984
2025-05-27 15:42:07.316792,1.0,0.16,0.16455,-0.002532,0.345448,2.9413161219234434,1.2700411900912336,2.9060081111555984
2025-05-27 15:42:07.355674,1.0,0.33904761904761904,0.165049,-0.002371,0.344644,2.953690506320084,1.2658174933014075,2.9196216793211547
2025-05-27 15:42:07.392568,1.0,0.5657142857142857,0.165777,-0.001992,0.344103,2.9595024527292244,1.2628329802804972,2.9277898202204877
2025-05-27 15:42:07.428189,1.0,0.758095238095238,0.16556,-0.001992,0.344274,2.958786867735907,1.2638452712466537,2.9270916885196896
2025-05-27 15:42:07.466196,1.0,0.9047619047619048,0.165902,-0.001785,0.344635,2.963097830988333,1.2643863233147723,2.932886181636311
2025-05-27 15:42:07.501233,1.0,0.98,0.166741,-0.001822,0.344707,2.971335785057746,1.2602847995725854,2.935382002466663
2025-05-27 15:42:07.540129,1.0,0.9942857142857143,0.167295,-0.001627,0.344305,2.9790850469366013,1.261052744443463,2.9503394741562543
2025-05-27 15:42:07.576411,1.0,0.9952380952380953,0.167947,-0.001437,0.344531,2.9788930607188817,1.2602673462800653,2.9512295920747715
2025-05-27 15:42:07.611769,1.0,0.9952380952380953,0.168577,-0.001435,0.344365,2.97948647266456,1.2587838164158702,2.9521197099932888
2025-05-27 15:42:07.648471,1.0,0.9952380952380953,0.169401,-0.001432,0.343401,2.99165141755096,1.2541936004831253,2.9642148417096097
2025-05-27 15:42:07.688040,1.0,0.9952380952380953,0.16986,-0.001431,0.34379,2.9915466977958403,1.2543506801158049,2.9641275752470095
2025-05-27 15:42:07.723812,1.0,0.9952380952380953,0.16986,-0.001431,0.34327,2.9933094803403546,1.2543506801158049,2.9641275752470095
2025-05-27 15:42:07.760585,1.0,0.9952380952380953,0.170813,-0.001428,0.343868,2.99788224298058,1.2527798837890098,2.9706725599419883
2025-05-27 15:42:07.798915,1.0,0.9952380952380953,0.173147,-0.001434,0.342572,3.008319311907506,1.2457985667810323,2.9732905538199796
2025-05-27 15:42:07.836493,1.0,0.9952380952380953,0.175614,-0.001747,0.343329,3.0113212782209366,1.24038804609985,2.9835530898217066
2025-05-27 15:42:07.873403,1.0,0.9952380952380953,0.178068,-0.002107,0.343336,3.0132935002756898,1.2356058439493853,2.9839370622571453
2025-05-27 15:42:07.909739,1.0,0.9952380952380953,0.180932,-0.003051,0.343348,3.015963854031242,1.2356058439493853,2.9839370622571453
2025-05-27 15:42:07.946618,1.0,0.9952380952380953,0.185211,-0.00411,0.343205,3.022351759093541,1.2356058439493853,2.9839370622571453
2025-05-27 15:42:07.984035,1.0,0.9952380952380953,0.189135,-0.005492,0.343492,3.023538582984897,1.213352895986458,2.975350042337333
2025-05-27 15:42:08.021157,1.0,0.9952380952380953,0.191743,-0.006013,0.342374,3.0284604114755207,1.201571923535496,2.975664201602692
2025-05-27 15:42:08.064436,1.0,0.9952380952380953,0.194828,-0.007652,0.342374,3.0284604114755207,1.1994077152630231,2.971789570663265
2025-05-27 15:42:08.112376,1.0,0.9952380952380953,0.200971,-0.010736,0.343657,3.0357209811638173,1.1853403614919489,2.9681418325265967
2025-05-27 15:42:08.152905,1.0,0.9952380952380953,0.20606,-0.013263,0.343657,3.0357209811638173,1.1809770383619629,2.949205010142458
2025-05-27 15:42:08.193689,1.0,0.9952380952380953,0.212108,-0.015185,0.345022,3.040677716239481,1.1809770383619629,2.949205010142458
2025-05-27 15:42:08.234250,1.0,0.9952380952380953,0.212863,-0.015406,0.345478,3.0405904497768814,1.1736990153811468,2.9459936043187884
2025-05-27 15:42:08.277024,1.0,0.9952380952380953,0.216937,-0.017425,0.344693,3.0468038219139806,1.1644487703455768,2.9428869182502386
2025-05-27 15:42:08.317730,1.0,0.9952380952380953,0.221032,-0.019378,0.34405,3.0496138020096923,1.1610977381817478,2.943794489461276
2025-05-27 15:42:08.356859,1.0,0.9952380952380953,0.223909,-0.020882,0.343673,3.0513416779691664,1.147728516111471,2.9343697115005067
2025-05-27 15:42:08.396644,1.0,0.9952380952380953,0.227393,-0.022421,0.342365,3.060382483494497,1.1432255666413258,2.937424037691496
2025-05-27 15:42:08.434130,1.0,0.9952380952380953,0.229193,-0.022627,0.342001,3.0601904972767775,1.1432255666413258,2.937424037691496
2025-05-27 15:42:08.480858,1.0,0.9952380952380953,0.231635,-0.02372,0.340766,3.0622499857941308,1.1328059510069195,2.935067843201304
2025-05-27 15:42:08.522063,1.0,0.9952380952380953,0.233568,-0.025126,0.340339,3.0641349413862846,1.1260515268017015,2.9314026517721157
2025-05-27 15:42:08.562521,1.0,0.9952380952380953,0.236446,-0.026021,0.33993,3.0648156197945626,1.1251963154682243,2.9315946379898357
2025-05-27 15:42:08.601252,1.0,0.9952380952380953,0.237993,-0.02663,0.340152,3.0644665539441633,1.1244807304749067,2.929290803377203
2025-05-27 15:42:08.640607,1.0,0.9952380952380953,0.241807,-0.027671,0.336917,3.0683411848835913,1.1090869264723164,2.927929446560648
2025-05-27 15:42:08.681817,1.0,0.9952380952380953,0.244362,-0.028565,0.33538,3.070645019496224,1.0996796018040673,2.927667647172848
2025-05-27 15:42:08.719383,1.0,0.9952380952380953,0.250029,-0.030453,0.333875,3.0721634559454585,1.0996796018040673,2.927667647172848
2025-05-27 15:42:08.757186,1.0,0.9952380952380953,0.254836,-0.032415,0.331046,3.0786386274703577,1.0873226706999473,2.922030233688907
2025-05-27 15:42:08.798798,1.0,0.9952380952380953,0.261466,-0.034407,0.328173,3.0806108495251117,1.066134373580736,2.9225363791719845
2025-05-27 15:42:08.835709,1.0,0.9952380952380953,0.266091,-0.035911,0.326397,3.0815882339062277,1.0576520734160437,2.921663714545988
2025-05-27 15:42:08.876857,1.0,0.9952380952380953,0.269168,-0.037072,0.323516,3.085340691798016,1.0408794593043784,2.920407077484552
2025-05-27 15:42:08.916931,1.0,0.9952380952380953,0.275387,-0.038552,0.32115,3.0826877913349846,1.0408794593043784,2.920407077484552
2025-05-27 15:42:08.954616,1.0,0.9952380952380953,0.281387,-0.040606,0.319066,3.0844156672944587,1.0283654485675788,2.911959683904899
2025-05-27 15:42:08.998047,1.0,0.9952380952380953,0.2883,-0.042642,0.319066,3.0844156672944587,1.0283654485675788,2.911959683904899
2025-05-27 15:42:09.035439,1.0,0.9952380952380953,0.291857,-0.043143,0.313698,3.087731792873248,1.0122211529866314,2.9107379534285034
2025-05-27 15:42:09.077720,1.0,0.9952380952380953,0.296662,-0.045026,0.309719,3.09041959992132,0.9912248420851396,2.9096558492922666
2025-05-27 15:42:09.119266,1.0,0.9952380952380953,0.301792,-0.045815,0.307465,3.0928456075815918,0.9912248420851396,2.9096558492922666
2025-05-27 15:42:09.162391,1.0,0.9952380952380953,0.304258,-0.046789,0.307465,3.0928456075815918,0.9806830534030939,2.9107728600135427
2025-05-27 15:42:09.208322,1.0,0.9952380952380953,0.31143,-0.048019,0.305249,3.0970867576639374,0.9806830534030939,2.9107728600135427
2025-05-27 15:42:09.251474,1.0,0.9952380952380953,0.32243,-0.05047,0.303195,3.097715076194656,0.9806830534030939,2.9107728600135427
2025-05-27 15:42:09.299568,1.0,0.9952380952380953,0.328655,-0.051966,0.300581,3.0987622737458524,0.9550965265688569,2.910720500135983
2025-05-27 15:42:09.337321,1.0,0.9952380952380953,0.331077,-0.052347,0.300087,3.0992335126438912,0.9560390043649339,2.9105285139182637
2025-05-27 15:42:09.382407,1.0,0.9952380952380953,0.336253,-0.054091,0.29822,3.100263256902567,0.949528926254995,2.9084166655233505
2025-05-27 15:42:09.436025,1.0,0.9952380952380953,0.34419,-0.055777,0.295486,3.103352489678597,0.9421985433966188,2.9100223684351856
2025-05-27 15:42:09.489811,1.0,0.9952380952380953,0.346634,-0.056171,0.295486,3.103352489678597,0.9421985433966188,2.9100223684351856
2025-05-27 15:42:09.540402,1.0,0.9952380952380953,0.352953,-0.057738,0.291989,3.106843148182586,0.9323548864153709,2.9093765966119474
2025-05-27 15:42:09.594169,1.0,0.9952380952380953,0.357856,-0.058617,0.290281,3.1104734330267343,0.9194743565356528,2.914315878395091
2025-05-27 15:42:09.640624,1.0,0.9952380952380953,0.364366,-0.059701,0.287038,3.112585281421647,0.9081297163976895,2.9149965568033696
2025-05-27 15:42:09.687196,1.0,0.9952380952380953,0.374516,-0.061408,0.282556,3.116337739313435,0.9081297163976895,2.9149965568033696
2025-05-27 15:42:09.736613,1.0,0.9952380952380953,0.382063,-0.062725,0.278698,3.11796089551779,0.893224604585658,2.9173352980010416
2025-05-27 15:42:09.785579,1.0,0.9952380952380953,0.386785,-0.063601,0.27707,3.125867237029324,0.893224604585658,2.9173352980010416
2025-05-27 15:42:09.832668,1.0,0.9952380952380953,0.394602,-0.066141,0.272104,3.1307367056423883,0.893224604585658,2.9173352980010416
2025-05-27 15:42:09.882603,1.0,0.9952380952380953,0.40429,-0.068329,0.269116,3.1316093702683854,0.8510574498574749,2.926114304138573
2025-05-27 15:42:09.930779,1.0,0.9952380952380953,0.415828,-0.071163,0.263682,3.133581592323139,0.8510574498574749,2.926114304138573
2025-05-27 15:42:09.978403,1.0,0.9952380952380953,0.420806,-0.072715,0.257299,3.134227364146377,0.8510574498574749,2.926114304138573
2025-05-27 15:42:10.024580,1.0,0.9952380952380953,0.426545,-0.074171,0.258354,3.1339306581735378,0.8510574498574749,2.926114304138573
2025-05-27 15:42:10.072578,1.0,0.9952380952380953,0.43047,-0.075504,0.2515,3.1346636964593753,0.8510574498574749,2.926114304138573
2025-05-27 15:42:10.125399,1.0,0.0,0.433525,-0.07647,0.2515,3.1346636964593753,0.8510574498574749,2.926114304138573
2025-05-27 15:42:10.177905,0.9666666666666667,0.9952380952380953,0.437662,-0.078044,0.245224,3.138206714840924,0.8510574498574749,2.926114304138573
2025-05-27 15:42:10.228502,0.0,0.9733333333333334,0.44071,-0.079052,0.240597,3.1384336076436834,0.8510574498574749,2.926114304138573
2025-05-27 15:42:10.277931,0.0,0.8457142857142858,0.443588,-0.080438,0.235207,-3.1357458005956125,0.8510574498574749,2.926114304138573
2025-05-27 15:42:10.327532,0.0,0.5952380952380952,0.446827,-0.082322,0.230583,-3.1303352799144295,0.8017518984886353,2.9252067329275366
2025-05-27 15:42:10.380077,0.0,0.27904761904761904,0.448871,-0.082861,0.227306,-3.123423776076532,0.8017518984886353,2.9252067329275366
2025-05-27 15:42:10.436273,0.0,0.07523809523809524,0.451962,-0.085471,0.220828,-3.1202821834229426,0.8017518984886353,2.9252067329275366
2025-05-27 15:42:10.484202,0.0,0.015238095238095238,0.454895,-0.086704,0.216845,-3.1128121742244064,0.8017518984886353,2.9252067329275366
2025-05-27 15:42:10.537707,0.0,0.013333333333333334,0.456147,-0.08751,0.213163,-3.107401653543224,0.8017518984886353,2.9252067329275366
2025-05-27 15:42:10.589488,0.0,0.013333333333333334,0.456662,-0.088405,0.213163,-3.107401653543224,0.8017518984886353,2.9252067329275366
2025-05-27 15:42:10.638703,0.0,0.013333333333333334,0.459704,-0.088986,0.205811,-3.103684102236476,0.8017518984886353,2.9252067329275366
2025-05-27 15:42:10.693585,0.0,0.013333333333333334,0.461727,-0.090497,0.203535,-3.1017293334742426,0.7597941832706914,2.946883722237305
2025-05-27 15:42:10.742046,0.0,0.013333333333333334,0.463431,-0.090918,0.198682,-3.0993207791064905,0.7482924635000489,2.94866395807434
2025-05-27 15:42:10.788639,0.0,0.012380952380952381,0.465234,-0.091857,0.194413,-3.0948178296363453,0.7465122276630146,2.9498158753806565
2025-05-27 15:42:10.838134,0.0,0.012380952380952381,0.466383,-0.092235,0.189453,-3.092374368683553,0.7367558371443664,2.952102256700769
2025-05-27 15:42:10.885154,0.0,0.012380952380952381,0.46786,-0.092533,0.186188,-3.0901054406559605,0.7367558371443664,2.952102256700769
2025-05-27 15:42:10.940072,0.0,0.012380952380952381,0.469454,-0.092962,0.183885,-3.0850788924102166,0.7367558371443664,2.952102256700769
2025-05-27 15:42:10.990490,0.0,0.012380952380952381,0.471057,-0.093467,0.181361,-3.072023829605299,0.7228281097134516,2.97622270696333
2025-05-27 15:42:11.044425,0.0,0.012380952380952381,0.472406,-0.093734,0.177802,-3.0694232890198276,0.7162831250184728,2.9821917330051506
2025-05-27 15:42:11.094615,0.0,0.012380952380952381,0.472405,-0.093734,0.177985,-3.067206720869795,0.7167892705015512,2.990377327197004
2025-05-27 15:42:11.139656,0.0,0.011428571428571429,0.473357,-0.093807,0.178426,-3.0672765340398747,0.7167892705015512,2.990377327197004
2025-05-27 15:42:11.187261,0.0,0.011428571428571429,0.474703,-0.09405,0.179864,-3.0606791894673355,0.7167892705015512,2.990377327197004
2025-05-27 15:42:11.238458,0.0,0.011428571428571429,0.475174,-0.094142,0.18075,-3.0525634084455624,0.744557458900781,3.0079876993496275
2025-05-27 15:42:11.282885,0.0,0.011428571428571429,0.47521,-0.094325,0.18075,-3.0525634084455624,0.744557458900781,3.0079876993496275
2025-05-27 15:42:11.331107,0.0,0.011428571428571429,0.475048,-0.094417,0.180841,-3.0348483165378197,0.744557458900781,3.0079876993496275
2025-05-27 15:42:11.376577,0.0,0.011428571428571429,0.474926,-0.094419,0.180705,-3.0348657698303394,0.744557458900781,3.0079876993496275
2025-05-27 15:42:11.428080,0.0,0.011428571428571429,0.474789,-0.09442,0.180596,-3.0326142950952675,0.744557458900781,3.0079876993496275
2025-05-27 15:42:11.476891,0.0,0.010476190476190476,0.474615,-0.094345,0.180312,-3.0348832231228595,0.744557458900781,3.0079876993496275
2025-05-27 15:42:11.526126,0.0,0.010476190476190476,0.474511,-0.094337,0.181172,-3.0348657698303394,0.7365987575116868,3.029490155734197
2025-05-27 15:42:11.577757,0.0,0.010476190476190476,0.473611,-0.09422,0.180891,-3.036663458959894,0.7365987575116868,3.029490155734197
2025-05-27 15:42:11.635580,0.0,0.009523809523809525,0.472714,-0.09404,0.181728,-3.0396828785658445,0.7309613440277452,3.023416409937257
2025-05-27 15:42:11.689456,0.0,0.007619047619047619,0.471838,-0.093708,0.182039,-3.045547184852545,0.7309613440277452,3.023416409937257
2025-05-27 15:42:11.737499,0.0,0.006666666666666667,0.471652,-0.09369,0.182722,-3.0454075585123856,0.7260220622446012,3.012612821867412
2025-05-27 15:42:11.778952,0.0,0.006666666666666667,0.47137,-0.093471,0.182123,-3.051219504921527,0.7260220622446012,3.012612821867412
2025-05-27 15:42:11.819587,0.0,0.006666666666666667,0.471212,-0.09341,0.182118,-3.052633221615642,0.7260220622446012,3.012612821867412
2025-05-27 15:42:11.863315,0.0,0.006666666666666667,0.471278,-0.093274,0.182499,-3.0575899566913063,0.7260220622446012,3.012612821867412
2025-05-27 15:42:11.906081,0.0,0.006666666666666667,0.471201,-0.093221,0.183157,-3.058794233875182,0.7258649826119218,3.0027866181786838
2025-05-27 15:42:11.951161,0.0,0.006666666666666667,0.470958,-0.093801,0.183157,-3.058794233875182,0.7258649826119218,3.0027866181786838
2025-05-27 15:42:12.001445,0.0,0.006666666666666667,0.470298,-0.093807,0.184162,-3.0714129643671013,0.7258649826119218,3.0027866181786838
2025-05-27 15:42:12.059759,0.0,0.006666666666666667,0.469707,-0.094013,0.184676,-3.083089217062943,0.7225488570331325,2.9635690698863715
2025-05-27 15:42:12.113831,0.0,0.006666666666666667,0.469309,-0.09393,0.190681,-3.0928805141666316,0.7242418264075671,2.961177968811139
2025-05-27 15:42:12.164651,0.0,0.006666666666666667,0.469309,-0.09393,0.190681,-3.0928805141666316,0.7242418264075671,2.961177968811139
2025-05-27 15:42:12.223046,0.0,0.006666666666666667,0.469282,-0.093855,0.193289,-3.0956904942623424,0.7284655231973933,2.9580538294500696
2025-05-27 15:42:12.268425,0.0,0.006666666666666667,0.469429,-0.093884,0.193394,-3.0956904942623424,0.7289891219729915,2.9580538294500696
2025-05-27 15:42:12.314522,0.0,0.006666666666666667,0.469499,-0.092927,0.196576,-3.095620681092263,0.7363369581238876,2.960078411382383
2025-05-27 15:42:12.362993,0.0,0.006666666666666667,0.469682,-0.092962,0.196826,-3.095620681092263,0.737174716164845,2.960095864674903
2025-05-27 15:42:12.408265,0.0,0.006666666666666667,0.470068,-0.093004,0.200179,-3.0957254008473822,0.737174716164845,2.960095864674903
2025-05-27 15:42:12.461735,0.0,0.006666666666666667,0.470301,-0.092346,0.204175,-3.096685331935979,0.7634419214073596,2.9610557957634995
2025-05-27 15:42:12.514142,0.0,0.006666666666666667,0.469587,-0.092137,0.215903,-3.101293001161244,0.7863231879010053,2.958769414443387
2025-05-27 15:42:12.561453,0.0,0.006666666666666667,0.469171,-0.090638,0.224087,-3.1000363640998083,0.7909657637113102,2.9576349504295902
2025-05-27 15:42:12.613881,0.0,0.006666666666666667,0.468837,-0.090534,0.231577,-3.1026194513927594,0.7909657637113102,2.9576349504295902
2025-05-27 15:42:12.665106,0.0,0.006666666666666667,0.468748,-0.090055,0.24055,-3.1060402967266687,0.7909657637113102,2.9576349504295902
2025-05-27 15:42:12.710420,0.0,0.006666666666666667,0.468518,-0.089952,0.241346,-3.1085361175570205,0.8614770654918811,2.954580624238601
2025-05-27 15:42:12.759217,0.0,0.006666666666666667,0.468284,-0.089873,0.243018,-3.1093913288904975,0.8653866030163484,2.9568670055587134
2025-05-27 15:42:12.803300,0.0,0.006666666666666667,0.468125,-0.089841,0.243724,-3.109461142060578,0.8685805555474979,2.953934852415363
2025-05-27 15:42:12.854848,0.0,0.006666666666666667,0.466583,-0.088738,0.247746,-3.1093215157204175,0.8714778021058086,2.955470742157118
2025-05-27 15:42:12.905968,0.0,0.006666666666666667,0.466242,-0.088695,0.249474,-3.1091120762101787,0.8733802109904825,2.9552089427693184
2025-05-27 15:42:12.954830,0.0,0.006666666666666667,0.465359,-0.087258,0.254978,-3.111538083870451,0.8858593151422419,2.955470742157118
2025-05-27 15:42:13.008486,0.0,0.006666666666666667,0.463558,-0.086578,0.262777,-3.115849047122877,0.9029460885192664,2.9519451770680893
2025-05-27 15:42:13.054318,0.0,0.006666666666666667,0.461496,-0.085276,0.264167,-3.1161108465106757,0.9029460885192664,2.951281951952331
2025-05-27 15:42:13.103025,0.0,0.006666666666666667,0.4605,-0.085067,0.273583,-3.120177463667823,0.9260193412306315,2.949746062210577
2025-05-27 15:42:13.151987,0.0,0.006666666666666667,0.456881,-0.08314,0.284239,-3.128624857247475,0.9260193412306315,2.949746062210577
2025-05-27 15:42:13.201554,0.0,0.006666666666666667,0.446869,-0.077501,0.299186,-3.1401091237255976,0.9260193412306315,2.949746062210577
2025-05-27 15:42:13.257886,0.0,0.006666666666666667,0.439702,-0.074266,0.326933,3.1226732844981746,0.9260193412306315,2.949746062210577
2025-05-27 15:42:13.305997,0.0,0.006666666666666667,0.430104,-0.069938,0.34251,3.1041204345494746,0.9260193412306315,2.949746062210577
2025-05-27 15:42:13.357676,0.0,0.006666666666666667,0.427476,-0.068864,0.348439,3.0987448204533323,1.0715972541394783,2.9108426731836228
2025-05-27 15:42:13.409292,0.0,0.006666666666666667,0.417166,-0.063945,0.348439,3.0987448204533323,1.0715972541394783,2.9108426731836228
2025-05-27 15:42:13.458605,0.0,0.006666666666666667,0.405632,-0.05908,0.374858,3.0573630638885465,1.0715972541394783,2.9108426731836228
2025-05-27 15:42:13.502351,0.0,0.006666666666666667,0.393002,-0.05431,0.389326,3.038216801994169,1.0715972541394783,2.9108426731836228
2025-05-27 15:42:13.553657,0.0,0.006666666666666667,0.371339,-0.046134,0.389326,3.038216801994169,1.1687946401830427,2.8675585077341634
2025-05-27 15:42:13.600700,0.0,0.006666666666666667,0.354864,-0.042282,0.415585,2.9953689688577083,1.1687946401830427,2.8675585077341634
2025-05-27 15:42:13.649804,0.0,0.006666666666666667,0.341995,-0.038035,0.429717,2.9744250178337763,1.21885068313024,2.835671342300227
2025-05-27 15:42:13.702365,0.0,0.006666666666666667,0.326059,-0.033408,0.429717,2.9744250178337763,1.21885068313024,2.835671342300227
2025-05-27 15:42:13.750236,0.0,0.006666666666666667,0.319257,-0.031864,0.447124,2.9446322475022333,1.21885068313024,2.835671342300227
2025-05-27 15:42:13.797227,0.0,0.006666666666666667,0.305406,-0.028128,0.451566,2.929116270452004,1.21885068313024,2.835671342300227
2025-05-27 15:42:13.845813,0.0,0.006666666666666667,0.294679,-0.026604,0.457283,2.9205641571172314,1.21885068313024,2.835671342300227
2025-05-27 15:42:13.890758,0.0,0.006666666666666667,0.276926,-0.023775,0.458194,2.917492377633721,1.21885068313024,2.835671342300227
2025-05-27 15:42:13.934899,0.0,0.006666666666666667,0.272822,-0.022754,0.463016,2.921140115770389,1.318247184031317,2.816577440283409
2025-05-27 15:42:13.982767,0.0,0.006666666666666667,0.259173,-0.02137,0.463016,2.921140115770389,1.318247184031317,2.816577440283409
2025-05-27 15:42:14.029818,0.0,0.006666666666666667,0.24277,-0.019906,0.468184,2.9248576670771373,1.347882874730181,2.831063673074962
2025-05-27 15:42:14.077321,0.0,0.006666666666666667,0.225737,-0.018894,0.46715,2.9423458661821207,1.347882874730181,2.831063673074962
2025-05-27 15:42:14.128471,0.0,0.006666666666666667,0.210693,-0.01788,0.463816,2.938820301093092,1.347882874730181,2.831063673074962
2025-05-27 15:42:14.181510,0.0,0.006666666666666667,0.197243,-0.017069,0.463111,2.940181657909647,1.347882874730181,2.831063673074962
2025-05-27 15:42:14.229869,0.0,0.006666666666666667,0.182015,-0.016107,0.459825,2.9612128753961797,1.3912717599347597,2.857906836970635
2025-05-27 15:42:14.274775,0.0,0.006666666666666667,0.170952,-0.015923,0.452508,3.0045843073082383,1.3912717599347597,2.857906836970635
2025-05-27 15:42:14.327106,0.0,0.006666666666666667,0.160918,-0.01543,0.447983,3.021444187882503,1.3912717599347597,2.857906836970635
2025-05-27 15:42:14.372816,0.0,0.006666666666666667,0.147956,-0.014692,0.447983,3.021444187882503,1.4110114337748156,2.9361499473375403
2025-05-27 15:42:14.419058,0.0,0.006666666666666667,0.14002,-0.014366,0.438199,3.0610806151952943,1.4110114337748156,2.9361499473375403
2025-05-27 15:42:14.464905,0.0,0.006666666666666667,0.130461,-0.013639,0.437538,3.0602777637393768,1.4110114337748156,2.9361499473375403
2025-05-27 15:42:14.515310,0.0,0.006666666666666667,0.127125,-0.013433,0.430712,3.0836302691310613,1.4129836558295694,2.9668502888801207
2025-05-27 15:42:14.575078,0.0,0.006666666666666667,0.11893,-0.012837,0.425759,3.0967376918135385,1.4096326236657404,2.9788756074263616
2025-05-27 15:42:14.630587,0.0,0.006666666666666667,0.106813,-0.011963,0.425759,3.0967376918135385,1.4096326236657404,2.9788756074263616
2025-05-27 15:42:14.682155,0.0,0.006666666666666667,0.102099,-0.011518,0.41617,3.1228652707158937,1.4096326236657404,2.9788756074263616
